customID, customPhone, customAddress, customName, relName, relPhone, relEmail, relRelation
"221403200106055009", "1382793257556", "北京", "王清", "赵凯", "1880672672989", "flyok@gmail.com", "配偶"
"443403198206127487", "1582182060787", "郑州", "温源", "温一鸣", "1385018877616", "flower@outlook.com", "配偶"
"221621200001259398", "1385945019164", "北京", "钱亮", "李一鸣", "1380721815430", "wings@gmail.com", "哥哥"
"221403199707080753", "1587544067061", "北京", "赵小牛", "钱树", "1880899292089", "wing0@163.com", "配偶"
"410403198806097691", "1883811485888", "武汉", "宋亮", "胡树", "1730322683255", "winger@hotmail.com", "妹妹"
"410621199205048877", "1733304020314", "郑州", "吴上", "钱凯", "1736798727965", "centbest@outlook.com", "配偶"
"443403199205209256", "1880024936066", "郑州", "吴远", "宋远", "1886282228365", "wingbest@hotmail.com", "妹妹"
"221403200911044124", "1385817013572", "合肥", "温亮", "胡泽", "1366395899854", "bob0@outlook.com", "配偶"
"443621200810270324", "1739740476453", "北京", "吴大山", "张想", "1730691841547", "bober@gmail.com", "弟弟"
"410403199209164474", "1381048666229", "郑州", "雷亮", "张泽", "1386330111647", "flower@outlook.com", "配偶"
"221621199107133112", "1367067385039", "郑州", "雷凯", "张亮", "1584885329282", "cent0@outlook.com", "妹妹"
"443403199411172167", "1730948907238", "武汉", "胡亮", "王想", "1584369647018", "flybest@163.com", "配偶"
"443403199606147267", "1881427451132", "郑州", "张亮", "温亮", "1382716082406", "wingok@outlook.com", "姐姐"
"443403200012048021", "1731577701600", "北京", "宋远", "张一鸣", "1882318037492", "cent0@outlook.com", "母亲"
"443403199006143255", "1383577053672", "郑州", "李上", "王飞", "1364335441874", "flys@hotmail.com", "哥哥"
"410621198312025394", "1580263271726", "武汉", "吴泽", "钱想", "1380991495977", "kitebest@gmail.com", "弟弟"
"443621200706055625", "1586169309919", "北京", "雷远", "张一鸣", "1582416198494", "kite0@gmail.com", "哥哥"
"410403199905164245", "1386583471355", "郑州", "宋飞", "吴想", "1384095868661", "cent0@outlook.com", "弟弟"
"410621198703031103", "1369641345612", "武汉", "宋泽", "宋泽", "1382753054750", "wings@163.com", "姐姐"
"221403199512207593", "1386782326058", "北京", "宋源", "吴远", "1736520345203", "flowbest@hotmail.com", "配偶"
"410621200712067111", "1365191187306", "郑州", "张源", "胡一鸣", "1882441068837", "wing0@gmail.com", "妹妹"
"410403198608135585", "1889601724209", "武汉", "雷天乐", "赵大山", "1735494730674", "flowbest@163.com", "哥哥"
"410621198703216967", "1735864485159", "武汉", "李清", "李树", "1585953474277", "wingbest@hotmail.com", "父亲"
"410403199312140490", "1585429042566", "北京", "吴凯", "王飞", "1382295347376", "bobok@hotmail.com", "哥哥"
"221621199105201390", "1367860296846", "郑州", "雷远", "赵凯", "1887166361673", "wing0@163.com", "配偶"
"221621200712264487", "1389399441412", "上海", "吴远", "吴小牛", "1737918856810", "bobs@gmail.com", "配偶"
"410403200605217024", "1887927358347", "武汉", "张远", "钱泽", "1361839144456", "kitebest@outlook.com", "配偶"
"443621198709087849", "1389541316387", "北京", "温天乐", "张泽", "1366322392316", "kite0@gmail.com", "妹妹"
"221621199902071401", "1384507362658", "武汉", "吴树", "钱小牛", "1368121109660", "wingok@gmail.com", "配偶"
"221403200012029964", "1384243871586", "北京", "赵凯", "宋大山", "1736485201471", "bobok@163.com", "弟弟"
"410403199708093270", "1368020625863", "上海", "雷小牛", "胡一鸣", "1732144017697", "bober@outlook.com", "父亲"
"410403199907069005", "1384338357189", "武汉", "钱树", "王源", "1385151353927", "flows@outlook.com", "哥哥"
"221621198309263801", "1363247351960", "武汉", "吴凯", "李飞", "1589893857626", "wingok@hotmail.com", "母亲"
"410621198609106359", "1738641067360", "合肥", "李亮", "雷上", "1587768543556", "flows@outlook.com", "弟弟"
"221621200305111106", "1366428494385", "合肥", "温飞", "钱树", "1589540028045", "flowbest@gmail.com", "妹妹"
"443621198304275465", "1734264126351", "上海", "钱树", "温大山", "1732573944079", "kiteer@outlook.com", "弟弟"
"221403198405109451", "1583400562075", "合肥", "张天乐", "钱亮", "1733998326571", "flowok@hotmail.com", "弟弟"
"443621198212161809", "1584803822780", "上海", "吴想", "赵清", "1388855547233", "wing0@gmail.com", "姐姐"
"221403199507186706", "1587697916429", "合肥", "吴树", "温大山", "1884768286976", "centok@gmail.com", "哥哥"
"443403200201208094", "1584042086890", "上海", "赵清", "温一鸣", "1733765044885", "kiteok@gmail.com", "弟弟"
"221621198705190470", "1385509440022", "北京", "温天乐", "雷小牛", "1888613014174", "wingok@hotmail.com", "弟弟"
"221403199706234695", "1585119168624", "郑州", "温凯", "钱清", "1367863881236", "wing0@hotmail.com", "哥哥"
"410403200709169427", "1886516639859", "合肥", "宋亮", "吴亮", "1880188443338", "bobs@hotmail.com", "妹妹"
"221403199508185672", "1582920499390", "北京", "雷大山", "雷凯", "1885068864231", "wings@hotmail.com", "姐姐"
"221403199307069214", "1582809858163", "郑州", "张凯", "赵一鸣", "1889069250406", "kites@hotmail.com", "哥哥"
"410403198004272382", "1388964156663", "郑州", "温清", "赵天乐", "1583080577150", "cents@hotmail.com", "哥哥"
"443403199409137178", "1584320176691", "北京", "宋远", "雷远", "1368760798176", "flow0@hotmail.com", "配偶"
"410621198811267153", "1733088435189", "北京", "李飞", "胡上", "1388641139904", "wing0@hotmail.com", "父亲"
"221621199603234352", "1365968313693", "上海", "赵树", "宋想", "1884040419988", "wings@163.com", "姐姐"
"410403199705063433", "1585463642269", "郑州", "胡亮", "雷大山", "1368495679398", "centok@outlook.com", "父亲"
"221403199106146011", "1588828480767", "北京", "胡上", "胡亮", "1882848323640", "wings@outlook.com", "妹妹"
"221403198505261023", "1385760793363", "武汉", "李想", "钱泽", "1880822054012", "flys@hotmail.com", "姐姐"
"221621198310247078", "1362486906907", "武汉", "胡想", "吴一鸣", "1360534988305", "flower@163.com", "哥哥"
"410403198707264423", "1386941963680", "武汉", "雷飞", "宋源", "1385541491629", "bobbest@163.com", "配偶"
"410403198008030170", "1363045943275", "郑州", "王飞", "张想", "1889081627260", "center@163.com", "配偶"
"221403199410015194", "1387427950994", "上海", "李天乐", "李小牛", "1735885970366", "kitebest@hotmail.com", "父亲"
"410403200611265618", "1584682696058", "上海", "钱想", "宋凯", "1362101271733", "fly0@163.com", "配偶"
"221621200705144159", "1365089277883", "郑州", "王亮", "胡清", "1736179865849", "bobbest@gmail.com", "哥哥"
"221403198801106448", "1738172491254", "北京", "赵天乐", "温小牛", "1382917639248", "wingok@hotmail.com", "父亲"
"410403200905028002", "1582784461179", "上海", "温清", "宋树", "1884833216134", "wingbest@gmail.com", "妹妹"
"221621198212075893", "1584831492508", "武汉", "张飞", "王一鸣", "1587758505584", "centok@163.com", "姐姐"
"443621200410019570", "1383199081156", "武汉", "雷天乐", "吴凯", "1381661813768", "bobok@outlook.com", "弟弟"
"443403200405212846", "1584877805347", "北京", "李树", "钱亮", "1369518862610", "bob0@gmail.com", "妹妹"
"221403200607161631", "1589666880908", "郑州", "王凯", "李清", "1586202698617", "kites@hotmail.com", "姐姐"
"410403199912280788", "1382033855211", "郑州", "宋大山", "王树", "1586748827260", "wing0@hotmail.com", "妹妹"
"443621199604186383", "1380080339412", "武汉", "吴树", "温上", "1360444954581", "bobbest@163.com", "姐姐"
"410403199001074082", "1739932102473", "合肥", "吴一鸣", "吴清", "1739080910702", "cent0@gmail.com", "弟弟"
"221403198708154739", "1883289532793", "合肥", "雷远", "张天乐", "1365086066514", "kites@outlook.com", "妹妹"
"410403199707137386", "1585162968635", "郑州", "张天乐", "宋树", "1361163191267", "kiteer@gmail.com", "配偶"
"221621199905223610", "1364079407613", "上海", "钱源", "胡远", "1388797260299", "flower@outlook.com", "妹妹"
"410621198901118979", "1368793985116", "上海", "雷凯", "钱上", "1385616653096", "bober@outlook.com", "哥哥"
"410621198601180082", "1734393499605", "郑州", "雷源", "李泽", "1385739907613", "wingok@163.com", "姐姐"
"410621199405155446", "1583295128125", "郑州", "钱树", "吴想", "1586476529504", "kitebest@hotmail.com", "母亲"
"443403198803225356", "1889313265171", "郑州", "雷泽", "李清", "1882526755337", "flowok@gmail.com", "父亲"
"410403198010270302", "1580321874038", "郑州", "雷想", "雷天乐", "1385207003058", "kite0@163.com", "姐姐"
"410621199501013702", "1585028899322", "武汉", "王凯", "李远", "1888166638349", "bobs@163.com", "父亲"
"410403200010084780", "1586339794545", "武汉", "雷泽", "赵泽", "1733202806619", "flys@163.com", "父亲"
"410621200902207152", "1585043312848", "上海", "赵想", "赵想", "1381379460365", "kite0@163.com", "母亲"
"221621200004058518", "1881620390711", "合肥", "张飞", "宋想", "1386849859766", "bobbest@outlook.com", "姐姐"
"443621199610086821", "1585805517911", "北京", "李凯", "赵小牛", "1382181507834", "bobs@hotmail.com", "妹妹"
"443403198907053887", "1369020330144", "郑州", "李清", "王天乐", "1368436939691", "flyok@hotmail.com", "姐姐"
"410621198009276016", "1880230787028", "郑州", "温大山", "王上", "1366260687741", "flyok@gmail.com", "哥哥"
"443403199904174537", "1737998287476", "武汉", "吴泽", "钱源", "1739398450094", "kites@hotmail.com", "母亲"
"443621200512278201", "1732485148613", "武汉", "宋远", "钱小牛", "1880596964335", "flower@outlook.com", "父亲"
"221403200007099739", "1739345566615", "郑州", "吴泽", "胡源", "1886468256975", "kites@163.com", "姐姐"
"221621200410096660", "1387432479299", "北京", "李树", "张亮", "1581493823266", "centbest@outlook.com", "姐姐"
"221621199509076856", "1388499041268", "合肥", "张清", "王上", "1733137164906", "kites@outlook.com", "母亲"
"443403199804099943", "1888637848605", "武汉", "钱亮", "雷飞", "1380628320815", "bobs@outlook.com", "哥哥"
"221403199811183048", "1737305198798", "北京", "吴想", "王飞", "1580181902965", "wing0@gmail.com", "弟弟"
"221403200709077976", "1588072785210", "北京", "赵上", "王大山", "1588737297192", "flys@hotmail.com", "配偶"
"443621198608089054", "1360837162119", "上海", "张泽", "雷亮", "1580018568404", "kiteok@hotmail.com", "妹妹"
"443621198105169902", "1385659004428", "北京", "胡远", "雷亮", "1889088997440", "wings@gmail.com", "母亲"
"221621200404220733", "1735979811534", "郑州", "吴小牛", "赵泽", "1888438843763", "fly0@163.com", "父亲"
"221403200610208421", "1361461596433", "武汉", "宋大山", "雷小牛", "1738691561065", "wingok@hotmail.com", "父亲"
"221621199102060463", "1387724709096", "北京", "宋一鸣", "温天乐", "1589178774242", "bober@163.com", "妹妹"
"221621199610193269", "1735790054225", "武汉", "宋凯", "赵飞", "1731750815117", "cents@hotmail.com", "弟弟"
"410403200201018346", "1732215224883", "北京", "吴小牛", "吴泽", "1737156191641", "flyok@163.com", "妹妹"
"410403199810020665", "1888635325645", "北京", "宋想", "王小牛", "1737827845240", "flyok@163.com", "父亲"
"221621199206065870", "1880803216725", "郑州", "王泽", "宋远", "1736822273514", "flower@hotmail.com", "妹妹"
"410621198107193323", "1888143838246", "北京", "钱飞", "吴树", "1733334423670", "flyer@gmail.com", "配偶"
"410403199206180064", "1362184543563", "武汉", "雷大山", "吴泽", "1884383725488", "bobbest@outlook.com", "母亲"
"410403200503257619", "1583736712846", "北京", "吴上", "吴一鸣", "1369624840039", "flows@163.com", "弟弟"
"221621199807234438", "1367395436069", "上海", "雷想", "雷大山", "1369362940994", "wingbest@hotmail.com", "配偶"
"410621199903198670", "1362337984722", "郑州", "李小牛", "张一鸣", "1882671978046", "flower@outlook.com", "父亲"
"221621199004211800", "1383669245016", "北京", "赵一鸣", "吴泽", "1887511766889", "wings@outlook.com", "配偶"
"221403199203056861", "1386947108107", "北京", "张清", "宋亮", "1362104702892", "wings@163.com", "配偶"
"410403199604140379", "1366747822204", "北京", "钱飞", "胡源", "1580558232159", "kiteok@outlook.com", "母亲"
"443621198212113955", "1386042849880", "上海", "张泽", "钱飞", "1884534766826", "kiteok@163.com", "母亲"
"221403198301186051", "1735202182665", "北京", "胡清", "雷飞", "1887473387340", "flowbest@gmail.com", "父亲"
"410621198506159260", "1588739898309", "武汉", "温远", "张亮", "1388987598239", "bobok@outlook.com", "哥哥"
"410621201001040986", "1368689036436", "郑州", "雷一鸣", "吴远", "1884810544720", "kite0@gmail.com", "妹妹"
"443621200504042209", "1732116931462", "武汉", "温飞", "胡想", "1735492421271", "bobok@gmail.com", "哥哥"
"410403200603065665", "1885605583529", "武汉", "吴想", "钱天乐", "1884739707387", "flyok@gmail.com", "姐姐"
"410621199507289181", "1887750472396", "武汉", "温天乐", "王泽", "1883523408933", "flys@hotmail.com", "父亲"
"410403200610190717", "1368470878393", "郑州", "雷远", "温源", "1887876876763", "flyer@163.com", "妹妹"
"443403199501071031", "1889735336941", "上海", "胡上", "赵清", "1362892838263", "cents@hotmail.com", "父亲"
"443621200505269060", "1881931358748", "北京", "张大山", "李亮", "1580248271143", "wingbest@gmail.com", "母亲"
"443403199404157406", "1734233489523", "北京", "宋想", "张泽", "1369244934871", "kiteok@163.com", "哥哥"
"410403198012043436", "1734651928226", "上海", "宋泽", "胡亮", "1363219941552", "flow0@gmail.com", "妹妹"
"443621199601282414", "1730090884436", "郑州", "王大山", "赵亮", "1588925333724", "flys@hotmail.com", "母亲"
"443403198810282029", "1584816680542", "上海", "张上", "宋小牛", "1385299301665", "fly0@outlook.com", "哥哥"
"410403198703165648", "1381185491868", "武汉", "钱凯", "钱远", "1587883090270", "kite0@163.com", "妹妹"
"221621198007234419", "1880675551111", "郑州", "王凯", "张凯", "1581920002476", "kiteok@gmail.com", "母亲"
"443621200101218386", "1735610005595", "北京", "张天乐", "钱一鸣", "1889891268080", "flys@gmail.com", "哥哥"
"443403199409180264", "1383079898923", "郑州", "钱清", "钱远", "1580131296762", "kite0@hotmail.com", "姐姐"
"221403198405191778", "1883922535979", "武汉", "钱树", "钱想", "1581954831947", "centbest@gmail.com", "妹妹"
"221403198807217019", "1366355321670", "上海", "温源", "钱想", "1734030942674", "bob0@gmail.com", "父亲"
"443403200103275571", "1738205361232", "武汉", "张树", "雷大山", "1580669278111", "bober@163.com", "妹妹"
"443403200109256932", "1581051497751", "武汉", "雷想", "张清", "1368376217312", "bobs@163.com", "配偶"
"221621200301178224", "1586099539065", "北京", "李泽", "赵大山", "1584396527763", "wingbest@gmail.com", "姐姐"
"410403199401016952", "1381895678858", "合肥", "雷小牛", "雷上", "1888938539279", "wingbest@hotmail.com", "哥哥"
"443621198701236357", "1583587431481", "合肥", "宋远", "温一鸣", "1388686701195", "centbest@hotmail.com", "父亲"
"221621199908221624", "1882977572876", "北京", "张凯", "吴想", "1736939588416", "flower@163.com", "妹妹"
"443621198803172890", "1880091584402", "上海", "胡清", "王清", "1731369591468", "flybest@hotmail.com", "母亲"
"221621198306095479", "1732014638598", "上海", "王想", "吴一鸣", "1368442945244", "flows@163.com", "母亲"
"410403199903076080", "1387381189128", "武汉", "钱泽", "雷想", "1381070682507", "flows@outlook.com", "妹妹"
"443621199509148882", "1585728561765", "武汉", "吴飞", "王天乐", "1586508929446", "winger@163.com", "姐姐"
"443403199403160584", "1360166922516", "上海", "温天乐", "钱飞", "1589636482695", "winger@outlook.com", "妹妹"
"221621200002012111", "1586050331171", "武汉", "张天乐", "宋上", "1884550896663", "flows@gmail.com", "哥哥"
"410403199012010401", "1880212347040", "合肥", "胡飞", "胡亮", "1381173378976", "flys@hotmail.com", "母亲"
"443403200408045868", "1885225841894", "合肥", "温小牛", "钱泽", "1885267608918", "wing0@163.com", "哥哥"
"410621199303215962", "1885407083712", "合肥", "胡清", "温想", "1583994835327", "flowbest@gmail.com", "父亲"
"221403200409170008", "1387540642568", "合肥", "张飞", "赵上", "1732844319842", "fly0@hotmail.com", "妹妹"
"221403200408088295", "1584554647239", "上海", "钱小牛", "钱源", "1381838802665", "wingbest@hotmail.com", "父亲"
"443621199702142945", "1736316278494", "郑州", "胡远", "王想", "1582781613278", "flowbest@hotmail.com", "妹妹"
"443403198002160669", "1735447131074", "上海", "宋想", "温飞", "1381066017387", "flyok@hotmail.com", "哥哥"
"410621200607264993", "1582234310521", "武汉", "胡一鸣", "吴远", "1886812896091", "kites@163.com", "母亲"
"443403199306119062", "1386872167272", "北京", "温源", "赵树", "1368455062535", "kite0@163.com", "弟弟"
"221403200305272858", "1580762944461", "上海", "雷源", "李远", "1737693597797", "centok@outlook.com", "妹妹"
"443403200409090612", "1382212354081", "上海", "胡远", "胡上", "1580145148908", "kiteok@163.com", "配偶"
"410621200610051265", "1588132177439", "上海", "李天乐", "钱清", "1364439191442", "bobs@outlook.com", "母亲"
"443621198901227388", "1581077964071", "上海", "张一鸣", "宋一鸣", "1737860728685", "bobbest@hotmail.com", "母亲"
"443403200908167567", "1889465196761", "郑州", "温大山", "胡想", "1889916088238", "flows@gmail.com", "姐姐"
"221621200805087231", "1730442551150", "郑州", "吴一鸣", "胡飞", "1380431601321", "winger@outlook.com", "父亲"
"221403200011166951", "1381414684818", "北京", "赵泽", "张小牛", "1385851597589", "center@outlook.com", "母亲"
"221621201010151183", "1737035887998", "上海", "胡飞", "张天乐", "1888125555318", "bobbest@gmail.com", "母亲"
"410621199205045148", "1580594866442", "郑州", "张上", "胡一鸣", "1366629012479", "flow0@outlook.com", "母亲"
"443403199807051916", "1587633587068", "合肥", "钱一鸣", "王大山", "1884556095411", "flyok@hotmail.com", "哥哥"
"443621198610170266", "1388953950341", "合肥", "王想", "王想", "1364889951078", "wings@outlook.com", "配偶"
"443621199012243354", "1360474618255", "上海", "宋大山", "宋凯", "1586234939959", "bobbest@outlook.com", "父亲"
"221403200512210028", "1883758514002", "北京", "赵远", "赵上", "1734764845463", "flower@gmail.com", "妹妹"
"410403199005283424", "1367146053397", "武汉", "温天乐", "吴小牛", "1369572258697", "kitebest@hotmail.com", "妹妹"
"443621199403264755", "1730236039898", "武汉", "李泽", "温树", "1389415387034", "winger@163.com", "妹妹"
"410621199908076519", "1386597642143", "郑州", "赵上", "吴树", "1883346239970", "wing0@gmail.com", "母亲"
"443403199905226629", "1734637107254", "上海", "王远", "温想", "1585594433613", "bober@outlook.com", "母亲"
"410621199607200297", "1382468171333", "武汉", "雷飞", "雷树", "1882775984818", "kiteer@gmail.com", "哥哥"
"443403198010146651", "1589354355531", "郑州", "宋树", "吴大山", "1739616910704", "wingok@outlook.com", "姐姐"
"221403200201056996", "1588074453065", "上海", "吴飞", "吴凯", "1730099109205", "winger@163.com", "姐姐"
"410403200508179563", "1388690487702", "合肥", "赵大山", "王清", "1367375327199", "cent0@163.com", "弟弟"
"221621199707050062", "1383543151263", "上海", "宋一鸣", "钱凯", "1367534455650", "flowbest@hotmail.com", "弟弟"
"221403199205141597", "1887657181497", "武汉", "王泽", "张远", "1734732966871", "kiteok@163.com", "姐姐"
"410403199112225190", "1733994992480", "上海", "宋树", "王小牛", "1881283778020", "flowbest@hotmail.com", "配偶"
"221621200711040432", "1386860299709", "合肥", "王亮", "宋树", "1384966263782", "cent0@163.com", "姐姐"
"443403200010137715", "1364309847190", "上海", "钱天乐", "宋想", "1737643683197", "cents@outlook.com", "父亲"
"410403200605083306", "1580854962160", "上海", "雷一鸣", "钱想", "1885286954404", "centok@gmail.com", "父亲"
"443621198006020951", "1586688884159", "北京", "雷一鸣", "王清", "1588284876179", "flowok@163.com", "配偶"
"221621199003176347", "1736819874339", "郑州", "吴源", "胡小牛", "1384782137030", "cents@outlook.com", "姐姐"
"410403200811131734", "1368590135845", "郑州", "张小牛", "张清", "1886972167911", "centok@163.com", "妹妹"
"443403200709196298", "1582765111155", "武汉", "张源", "胡泽", "1733285095799", "flows@gmail.com", "母亲"
"410621200707218814", "1583130231960", "武汉", "宋上", "吴远", "1880319760118", "flowbest@outlook.com", "配偶"
"221621198112163708", "1386564060574", "合肥", "胡清", "雷天乐", "1385651398290", "kitebest@hotmail.com", "配偶"
"410403200906058177", "1739749712099", "上海", "王亮", "张清", "1388362135525", "flower@163.com", "妹妹"
"443621199203054022", "1736609409181", "郑州", "钱一鸣", "钱清", "1580122778492", "bobok@gmail.com", "母亲"
"443621198505188928", "1880393496107", "合肥", "李想", "李一鸣", "1585830208625", "flows@gmail.com", "配偶"
"410403199612134943", "1732756378717", "上海", "张树", "钱远", "1587714354413", "wing0@gmail.com", "配偶"
"410403199406205032", "1369144071981", "武汉", "赵飞", "王远", "1381447972859", "bob0@gmail.com", "母亲"
"410621198304202505", "1368758732074", "北京", "吴天乐", "张天乐", "1732699957046", "kites@hotmail.com", "父亲"
"443621198906173325", "1384966436524", "武汉", "吴一鸣", "宋小牛", "1360451042320", "centok@gmail.com", "哥哥"
"410403198304256562", "1367429492616", "上海", "温飞", "赵一鸣", "1733200367600", "flower@outlook.com", "配偶"
"221403200503213731", "1730115460892", "上海", "雷远", "王一鸣", "1389057368452", "flowbest@163.com", "姐姐"
"410621199702084076", "1368747914755", "北京", "钱清", "钱源", "1885304070650", "flybest@gmail.com", "姐姐"
"221403200504282880", "1365577789679", "武汉", "张飞", "温大山", "1580196496204", "flowbest@163.com", "姐姐"
"443403198611284394", "1889293068384", "郑州", "赵大山", "钱远", "1889798957430", "flyer@163.com", "弟弟"
"443621200507284016", "1365406547825", "上海", "李小牛", "王远", "1386772414971", "kitebest@163.com", "配偶"
"443621199905262616", "1364310911294", "上海", "吴大山", "钱树", "1580603767960", "cent0@gmail.com", "母亲"
"410403199105071416", "1739030581242", "武汉", "赵飞", "吴源", "1387461994307", "bobok@163.com", "姐姐"
"410621200610154383", "1366683533835", "合肥", "雷树", "温天乐", "1380067201226", "flow0@163.com", "妹妹"
"443403200405215642", "1388905540408", "北京", "赵清", "宋树", "1883036000362", "bobok@163.com", "母亲"
"443403200506040051", "1380223340095", "上海", "宋大山", "李亮", "1384472155402", "cents@outlook.com", "妹妹"
"410621199105086341", "1386063911342", "北京", "赵一鸣", "赵清", "1886012580909", "flyer@hotmail.com", "父亲"
"410403201012061240", "1360736227396", "上海", "宋泽", "胡凯", "1738103354324", "wingbest@163.com", "母亲"
"221621199006199246", "1382105795469", "武汉", "王小牛", "李一鸣", "1733430694520", "center@hotmail.com", "父亲"
"221621198305270597", "1889093801628", "合肥", "雷树", "赵小牛", "1364987777618", "wingok@163.com", "哥哥"
"410403199911258906", "1587907842372", "合肥", "钱树", "张泽", "1883726736148", "wings@hotmail.com", "弟弟"
"221621198402064479", "1368699565400", "合肥", "胡泽", "张飞", "1581106143393", "flyok@163.com", "姐姐"
"443621198003124477", "1735351752797", "武汉", "雷亮", "雷天乐", "1734669192568", "centbest@163.com", "弟弟"
"443621200104068960", "1362761629423", "合肥", "王亮", "赵树", "1382431949397", "flowok@outlook.com", "配偶"
"410403198512235470", "1885470675716", "北京", "雷清", "吴泽", "1380826816465", "centok@gmail.com", "哥哥"
"221621200604172891", "1580635320322", "合肥", "温凯", "李源", "1382711611140", "bob0@163.com", "姐姐"
"443403199005016048", "1389187056031", "北京", "钱亮", "胡远", "1582580756078", "flys@hotmail.com", "配偶"
"410621198607209166", "1388255688471", "北京", "王大山", "宋想", "1734582162061", "wingok@163.com", "父亲"
"443621198111098351", "1584673718867", "合肥", "吴亮", "李凯", "1587669247752", "fly0@163.com", "母亲"
"443621200107282143", "1735314101718", "合肥", "雷泽", "钱凯", "1887984627328", "wingok@163.com", "妹妹"
"410621200503223178", "1735269627350", "北京", "王一鸣", "胡一鸣", "1584381985432", "fly0@gmail.com", "母亲"
"221621200303137250", "1362131406050", "北京", "钱小牛", "王清", "1886848746804", "centok@163.com", "哥哥"
"410403199506142091", "1365857600529", "合肥", "雷亮", "王想", "1888736247647", "flys@hotmail.com", "父亲"
"410621199802216866", "1734530573317", "北京", "钱亮", "张飞", "1582259363595", "kitebest@outlook.com", "哥哥"
"443403199804234145", "1383043456692", "郑州", "温亮", "宋飞", "1584179576539", "kites@163.com", "母亲"
"443403198312183180", "1884507965339", "合肥", "宋上", "胡树", "1388999583862", "cents@163.com", "妹妹"
"221403200810205445", "1882248218274", "郑州", "温源", "宋小牛", "1881527455761", "center@hotmail.com", "弟弟"
"443403199711217972", "1587104906295", "合肥", "钱飞", "温想", "1586379485424", "flower@163.com", "弟弟"
"410621200912198515", "1389404555619", "武汉", "温小牛", "宋亮", "1737446815230", "kiteer@outlook.com", "母亲"
"221621198703169431", "1584258914915", "郑州", "赵清", "胡远", "1887676479593", "cents@gmail.com", "姐姐"
"443621198312112215", "1732776910301", "北京", "赵上", "李远", "1589890565600", "kitebest@outlook.com", "母亲"
"221621198212119069", "1583687990018", "北京", "胡大山", "温清", "1360530337603", "centok@gmail.com", "母亲"
"443403198804072338", "1731514124573", "北京", "宋上", "钱亮", "1589188493270", "bob0@outlook.com", "父亲"
"221403200310271299", "1885916291965", "合肥", "钱亮", "张远", "1887645681223", "cents@hotmail.com", "哥哥"
"410403198904229177", "1730568069735", "郑州", "李一鸣", "钱一鸣", "1385750829806", "centok@163.com", "妹妹"
"443403198906119926", "1361904934326", "合肥", "赵一鸣", "李一鸣", "1733656039228", "flyer@163.com", "父亲"
"410621200601255348", "1888687328111", "武汉", "李一鸣", "胡泽", "1889338708421", "bob0@163.com", "姐姐"
"443403198706286220", "1384672490111", "合肥", "吴清", "钱大山", "1363025160681", "centok@hotmail.com", "弟弟"
"443621198912176606", "1584602539412", "上海", "钱亮", "雷大山", "1733039071054", "flowok@163.com", "母亲"
"410403200401240532", "1737343636218", "合肥", "宋天乐", "张大山", "1389936471640", "fly0@163.com", "母亲"
"221403199510015067", "1369934965492", "北京", "钱远", "王泽", "1387618843359", "kitebest@163.com", "姐姐"
"221403200012164043", "1367490516790", "合肥", "张一鸣", "李一鸣", "1364617101350", "bobbest@163.com", "配偶"
"221621200902032352", "1583613043931", "上海", "李远", "张凯", "1366486075949", "wingbest@gmail.com", "配偶"
"443403200003258848", "1581301452802", "合肥", "宋源", "赵大山", "1584275279183", "centbest@outlook.com", "哥哥"
"221621201010023532", "1361025972066", "上海", "胡凯", "宋一鸣", "1887113010547", "cent0@gmail.com", "妹妹"
"410621200608153124", "1389362889513", "北京", "王远", "张一鸣", "1384878879221", "flybest@163.com", "配偶"
"410403198107195526", "1885383681091", "合肥", "胡一鸣", "王小牛", "1733745708095", "centbest@163.com", "姐姐"
"221621199701031714", "1589027373511", "北京", "王泽", "钱泽", "1587320656608", "flowbest@outlook.com", "姐姐"
"410403199312080449", "1732227934160", "合肥", "王飞", "温上", "1389032233767", "flows@163.com", "妹妹"
"443621198309016745", "1735647159583", "合肥", "雷远", "张源", "1389414733067", "flow0@163.com", "父亲"
"410621199304198137", "1738865984403", "北京", "宋远", "吴一鸣", "1580353349696", "kite0@hotmail.com", "弟弟"
"410403199404010675", "1387889211404", "合肥", "张清", "钱远", "1734077830617", "winger@163.com", "母亲"
"221621199902278063", "1738538169633", "上海", "李凯", "胡上", "1586349868830", "flys@hotmail.com", "母亲"
"410621198004115850", "1367848530001", "合肥", "雷凯", "赵凯", "1589106809804", "flowok@gmail.com", "妹妹"
"221403199606080039", "1733112237205", "北京", "王想", "王小牛", "1885266153484", "flyer@hotmail.com", "母亲"
"221403198406177136", "1389894231555", "上海", "赵源", "吴大山", "1734202514489", "kites@hotmail.com", "妹妹"
"221403200302271703", "1580967369855", "北京", "温一鸣", "吴大山", "1588012658957", "flyer@gmail.com", "配偶"
"221403198002143682", "1389374824173", "上海", "张清", "李一鸣", "1581325139109", "flowok@163.com", "弟弟"
"221403198506138970", "1382319706180", "武汉", "吴清", "胡远", "1738814092510", "kiteok@gmail.com", "哥哥"
"410403200611207496", "1369096371579", "郑州", "雷小牛", "赵清", "1366211400127", "bobs@outlook.com", "妹妹"
"443621198709059639", "1884827976127", "上海", "温树", "赵天乐", "1882790900657", "winger@hotmail.com", "妹妹"
"410621198708268724", "1589881357342", "上海", "雷远", "温上", "1369736359183", "centbest@163.com", "母亲"
"221403199707110129", "1734605808262", "上海", "张天乐", "张亮", "1889281171143", "bober@outlook.com", "妹妹"
"443403200407028114", "1365070964308", "郑州", "宋源", "宋源", "1587385752490", "wingok@gmail.com", "父亲"
"410621198511089636", "1369654767957", "武汉", "王想", "雷小牛", "1585917035875", "bobs@163.com", "母亲"
"443403199902012580", "1387620280944", "合肥", "李亮", "张上", "1387337248614", "kite0@163.com", "哥哥"
"443621200406220915", "1386857660246", "武汉", "吴想", "吴源", "1382633700893", "flyok@gmail.com", "弟弟"
"410621198711066912", "1383135349341", "合肥", "宋上", "雷大山", "1730708812485", "bobbest@gmail.com", "姐姐"
"221621199004112569", "1362198084633", "北京", "李树", "李想", "1733164012502", "kiteer@gmail.com", "母亲"
"410403198811243768", "1582555459303", "武汉", "张树", "胡大山", "1880019996259", "kiteer@outlook.com", "弟弟"
"443403199908051696", "1384417450619", "武汉", "张上", "赵上", "1882503963288", "cents@hotmail.com", "哥哥"
"221403198504265147", "1737176487012", "北京", "宋想", "李清", "1733238013273", "wingbest@163.com", "妹妹"
"221403199112177121", "1586458094839", "武汉", "李飞", "王凯", "1883517767126", "flyok@hotmail.com", "母亲"
"221621199301104103", "1589732575612", "武汉", "李上", "赵天乐", "1731160141360", "bobbest@outlook.com", "父亲"
"221403200505197395", "1580813309320", "郑州", "雷清", "宋清", "1363782133446", "kitebest@outlook.com", "弟弟"
"443403200307152760", "1882080337568", "武汉", "王远", "赵小牛", "1382303741911", "winger@gmail.com", "父亲"
"410403199908182813", "1886996850978", "郑州", "胡天乐", "赵树", "1888342195677", "kite0@gmail.com", "弟弟"
"443621199310146648", "1367551383228", "合肥", "胡小牛", "李天乐", "1589343897797", "wingok@hotmail.com", "弟弟"
"221621198011210746", "1581406484269", "北京", "胡泽", "王小牛", "1736842822788", "centok@163.com", "姐姐"
"443621199404186328", "1367622613009", "郑州", "王上", "赵亮", "1735330705743", "flower@outlook.com", "父亲"
"443403199607236094", "1382462421176", "北京", "胡上", "吴泽", "1884587479329", "bobbest@hotmail.com", "哥哥"
"410621199111219584", "1736479729128", "合肥", "宋想", "李远", "1367170028591", "winger@gmail.com", "哥哥"
"443403198905269264", "1383626166420", "武汉", "李源", "张一鸣", "1386755786277", "bobbest@163.com", "弟弟"
"410403198408087906", "1580943712055", "武汉", "赵上", "温远", "1882310722702", "flow0@gmail.com", "妹妹"
"410403198609131687", "1889813134243", "武汉", "吴清", "钱亮", "1588786638628", "centok@163.com", "妹妹"
"443621198705167575", "1368725156950", "上海", "雷一鸣", "雷树", "1888807016469", "kiteok@gmail.com", "母亲"
"410403198910235474", "1362488812585", "武汉", "王天乐", "胡天乐", "1581423223916", "kites@hotmail.com", "哥哥"
"410403200103147946", "1887104346854", "北京", "王树", "赵源", "1588748144378", "bobok@gmail.com", "姐姐"
"221621200101139891", "1888772943714", "合肥", "赵亮", "张树", "1885928951386", "flow0@gmail.com", "哥哥"
"221621199908199007", "1364333954374", "上海", "雷上", "李亮", "1587813804867", "wingbest@hotmail.com", "弟弟"
"410403198610208944", "1389914752345", "上海", "宋上", "温一鸣", "1386904015360", "flowok@outlook.com", "弟弟"
"221403200711171746", "1387774199142", "上海", "王泽", "赵树", "1367165968168", "centbest@163.com", "姐姐"
"443403198507231219", "1887902822038", "上海", "吴清", "赵天乐", "1736759042481", "center@163.com", "姐姐"
"221403200105045048", "1583299070018", "武汉", "吴树", "温源", "1585786301476", "bober@gmail.com", "哥哥"
"221403200604182498", "1889702137169", "合肥", "李想", "赵天乐", "1389838724649", "center@outlook.com", "父亲"
"443403199006046096", "1388084875295", "郑州", "赵清", "胡清", "1585422070261", "kiteok@outlook.com", "母亲"
"221621198210221997", "1731172503140", "合肥", "赵天乐", "钱想", "1368736620222", "bob0@hotmail.com", "哥哥"
"410403199203154457", "1737873085792", "合肥", "雷源", "李小牛", "1589713229668", "kiteok@outlook.com", "弟弟"
"443621199606143812", "1362247249612", "上海", "吴亮", "李远", "1586468116195", "bober@163.com", "母亲"
"221403200612031284", "1581149962978", "合肥", "温亮", "赵树", "1588535371483", "flow0@hotmail.com", "弟弟"
"221621199608131409", "1734747149106", "上海", "温树", "钱凯", "1366691183889", "kitebest@hotmail.com", "父亲"
"410621199306245861", "1882904269728", "合肥", "钱大山", "张一鸣", "1581002784435", "winger@outlook.com", "姐姐"
"221403199710146243", "1588168664655", "郑州", "李泽", "吴一鸣", "1737697860761", "flowok@hotmail.com", "弟弟"
"443621198712031700", "1362430069160", "武汉", "李大山", "雷大山", "1364945187011", "flyok@163.com", "弟弟"
"410621198212257109", "1885420781698", "武汉", "赵远", "吴树", "1382827928547", "flowok@163.com", "弟弟"
"443621201012196841", "1736963140188", "上海", "钱小牛", "宋天乐", "1884817741616", "centok@outlook.com", "父亲"
"221403200606247629", "1739332399979", "上海", "宋大山", "赵小牛", "1588596118964", "bobok@hotmail.com", "父亲"
